"NY|AA0001","Restaurant","107 West Restaurant","(212) 864-1555","NY","2787 Broadway  New York  NY 10025-2828 "
"NY|AA0002","Restaurant","10th Avenue Restaurant Deli","(212) 757-5345","NY","764 10th Ave  New York  NY 10019-5001 "
"NY|AA0003","Restaurant","124 Alexander Deli","(212) 222-8144","NY","3153 Broadway  New York  NY 10027-4139"
"NY|AA0004","Restaurant","12th Street Ale House","(212) 253-2323","NY","92 2nd Ave  New York  NY 10003-5707"
"NY|AA0005","Restaurant","1418 Kitchen Inc","(212) 794-1080","NY","1418 3rd Ave  New York  NY 10028-2204 "
"NY|AA0006","Restaurant","1420 Broadway Deli Inc","(212) 840-5088","NY","1420 Broadway  New York  NY 10018-3305 "
"NY|AA0007","Restaurant","14th Street Pizza Bagel Caf?","(646) 291-6201","NY","400 East 14th Street  Manhattan  NY 10009"
"NY|AA0008","Restaurant","151 Second Avenue Restaurant Inc","(212) 979-9511","NY","151 2nd Ave  New York  NY 10003-5700 "
"NY|AA0009","Restaurant","21 Club Banquet & Private Dining","(212) 582-7200","NY","21 W 52nd St  New York  NY 10019-6101"
"NY|AA0010","Restaurant","218 Restaurant Inc ","(212) 226-8039","NY","218 Grand St Frnt A  New York  NY 10013-4228"
"NY|AA0011","Restaurant","221 Clinton St LLC ","(201) 714-4204","NY","221 Clinton St  Hoboken  NJ 07030-2546 "
"NY|AA0012","Restaurant","268 W Forty Seven Restaurant Corp ","(212) 221-2672","NY","268 W 47th St  New York  NY 10036-1411 "
"NY|AA0013","Restaurant","285 Street Nicholas Street Deli ","(212) 865-0830","NY","285 Saint Nicholas Ave  New York  NY 10027-4807 "
"NY|AA0014","Restaurant","304 Harlem Gourmet Deli","(212) 860-3277","NY","304 Malcolm X Blvd  New York  NY 10027-4405 "
"NY|AA0015","Restaurant","31 Akura Incorporated","(212) 679-0888","NY","39 E 31st St Frnt 1  New York  NY 10016-0013 "
"NY|AA0016","Restaurant","360 Lounge ","(347) 365-4057","NY","360 Malcolm X Blvd  New York  NY 10027-3132 "
"NY|AA0017","Restaurant","476 Nine Avenue Restaurant Corp","(212) 904-1198","NY","476 9th Ave  New York  NY 10018-5603 "
"NY|AA0018","Restaurant","501 Grocery & Deli ","(212) 222-5404","NY","501 W 125th St  New York  NY 10027-3402 "
"NY|AA0019","Restaurant","53rd Street Gourmet Deli Inc ","(212) 974-3984","NY","1301 Avenue Of The Americas Frnt 2  New York  NY 10019-6058 "
"NY|AA0020","Restaurant","57 Napoli Pizza Evino ","(212) 750-4586","NY","0 E 57th St Fl 2  New York  NY 10022-2635 "
"NY|AA0021","Restaurant","59th Street Bridge Plaza LLC ","(718) 937-7338","NY","3020 Thomson Ave  Long Island City  NY 11101-3051 "
"NY|AA0022","Restaurant","69 Bayard Restaurant Corp","(212) 227-1173","NY","69 Bayard St  New York  NY 10013-4902"
"NY|AA0023","Restaurant","88 KTV Inc","(212) 925-1999","NY","97 Bowery  New York  NY 10002-4901"
"NY|AA0024","Restaurant","8th Avenue Deli","(212) 665-4542","NY","2268 Frederick Douglass Blvd  New York  NY 10027-6115"
"NY|AA0025","Restaurant","9 A Kitchen & Lounge","(917) 507-0000","NY","2331 12th Ave  New York  NY 10027-7332"
"NY|AA0026","Restaurant","A F D Contract Furniture","(212) 956-9117","NY","810 7th Ave Fl 2  New York  NY 10019-5851"
"NY|AA0027","Restaurant","A KI Sushi","(212) 628-8885","NY","1425 York Ave Frnt 1  New York  NY 10021-3198"
"NY|AA0028","Restaurant","A RI Rang Restaurant","(212) 967-5088","NY","32 W 32nd St  New York  NY 10001-3818"
"NY|AA0029","Restaurant","ABC Chinese Restaurant","(212) 346-9390","NY","34 Pell St Frnt 1  New York  NY 10013-5178"
"NY|AA0030","Restaurant","Abdou Kings Deli Inc","(212) 666-2586","NY","2407 Frederick Douglass Blvd  New York  NY 10027-1823"
"NY|AA0031","Restaurant","Abigael's On Broadway","(212) 575-2584","NY","1407 Broadway  New York  NY 10018-5100"
"NY|AA0032","Restaurant","Abitino Pizzeria & Restaurant","(212) 768-0043","NY","1435 Broadway  New York  NY 10018-1909"
"NY|AA0033","Restaurant","Abver Restaurant Corp","(212) 534-9163","NY","320 Malcolm X Blvd  New York  NY 10027-3702"
"NY|AA0034","Restaurant","Acappella Fine Northern Italian Cuisine","(212) 240-0163","NY","1 Hudson St  New York  NY 10013-3835"
"NY|AA0035","Restaurant","Accra Restaurant","(212) 932-7737","NY","2065 Adam Clayton Powell Jr Blvd  New York  NY 10027-4903 "
"NY|AA0036","Restaurant","Adad Inc","(212) 753-2300","NY","455 Main St  New York  NY 10044-0192"
"NY|AA0037","Restaurant","Adham Deli Grocery","(917) 507-4840","NY","2240 Adam Clayton Powell Jr Blvd Frnt 1  New York  NY 10027-7855"
"NY|AA0038","Restaurant","AER Restaurant","(646) 638-1300","NY","409 W 13th St  New York  NY 10014-1104"
"NY|AA0039","Restaurant","Ajanta India Restaurant","(212) 316-6776","NY","1237 Amsterdam Ave  New York  NY 10027-6603"
"NY|AA0040","Restaurant","Akram Restaurant Management Inc","(212) 431-3934","NY","129 Mulberry St  New York  NY 10013-5571 "
"NY|AA0041","Restaurant","Algonquin Hotel","(212) 840-6800","NY","59 W 44th St Between 5th & 6th Aves  New York  NY 10036"
"NY|AA0042","Restaurant","Aliada Restaurant","(718) 932-2240","NY","2919 Broadway  Long Island City  NY 11106-2954"
"NY|AA0043","Restaurant","Alias Restaurant","(212) 505-5011","NY","76 Clinton St  New York  NY 10002-3416"
"NY|AA0044","Restaurant","Alicart Inc","(212) 675-7722","NY","1501 Broadway Ste 515  New York  NY 10036-5505"
"NY|AA0045","Restaurant","Allen Street Restaurant Supply Inc","(212) 941-6688","NY","29 Allen St  New York  NY 10002-5343"
"NY|AA0046","Restaurant","Almond Restaurant","(212) 228-7557","NY","12 E 22nd St Frnt 1  New York  NY 10010-6162"
"NY|AA0047","Restaurant","Amarone Restaurant","(212) 245-6060","NY","686 9th Ave Frnt 1  New York  NY 10036-3654 "
"NY|AA0048","Restaurant","Amelia's Restaurant","(212) 925-5998","NY","110 Varick St  New York  NY 10013-1523"
"NY|AA0049","Restaurant","American Deli Inc","(212) 348-3018","NY","282 Malcolm X Blvd Frnt 2  New York  NY 10027-4906"
"NY|AA0050","Restaurant","Amore Deli Grocery","(212) 864-3880","NY","21 Convent Ave  New York  NY 10027-2610 "
"NY|AA0051","Restaurant","Amsterdam Caf?","(212) 665-1206","NY","1207 Amsterdam Ave  New York  NY 10027-7007 "
"NY|AA0052","Restaurant","Amsterdam One Stop Deli Corp","(212) 234-1348","NY","1437 Amsterdam Ave  New York  NY 10027-7407"
"NY|AA0053","Restaurant","Antonucci Restaurant","(212) 570-5100","NY","170 E 81st St  New York  NY 10028-1804"
"NY|AA0054","Restaurant","Apple Metro Inc","(212) 348-1712","NY","1 W 125th St  New York  NY 10027-4524"
"NY|AA0055","Restaurant","Apple Restaurant","(212) 473-8888","NY","17 Waverly Pl  New York  NY 10003-6760"
"NY|AA0056","Restaurant","Applebee's","(646) 783-6400","NY","1 W 125th St  New York  NY 10027-4524"
"NY|AA0057","Restaurant","Arata Japanese Restaurant Inc","(212) 371-8338","NY","1047 2nd Ave  New York  NY 10022-4009 "
"NY|AA0058","Restaurant","Arizona 206 Restaurant","(212) 838-0440","NY","206 E 60th St  New York  NY 10022-1463 "
"NY|AA0059","Restaurant","Arte Caf?","(212) 501-7014","NY","106 W 73rd St  New York  NY 10023-3001"
"NY|AA0060","Restaurant","Arte New York","(212) 837-1696","NY","873 Broadway Ste 202  New York  NY 10003-1235 "
"NY|AA0061","Restaurant","Arties Deli","(212) 579-5959","NY","2290 Broadway  New York  NY 10024-4902"
"NY|AA0062","Restaurant","Assary Deli Grocery","(212) 865-1095","NY","343 Saint Nicholas Ave  New York  NY 10027-7602 "
"NY|AA0063","Restaurant","Au Bon Gout Gourmet Deli","(212) 685-2727","NY","276 5th Ave  New York  NY 10001-4509"
"NY|AA0064","Restaurant","Auska Sushi Japanese Restaura NT","(212) 727-0888","NY","300 W 23rd St  New York  NY 10011-2210"
"NY|AA0065","Restaurant","Azal's Deli","(212) 234-2727","NY","2480 Frederick Douglass Blvd Frnt 1  New York  NY 10027-7700"
"NY|AA0066","Restaurant","B & D Halal Restaurant Corp","(212) 268-7602","NY","163 W 29th St  New York  NY 10001-5101"
"NY|AA0067","Restaurant","Bahari Restaurant","(718) 204-8968","NY","3114 Broadway  Astoria  NY 11106-2585"
"NY|AA0068","Restaurant","Barbetta Restaurant","(212) 246-9171","NY","321 W 46th St  New York  NY 10036-3810"
"NY|AA0069","Restaurant","Basera Indian Bistro Hells Kitchen","(646) 571-0355","NY","745 9th Ave  Btwn 50-51st Street  New York  NY 10019"
"NY|AA0070","Restaurant","Bayou","(212) 426-3800","NY","308 Malcolm X Blvd  New York  NY 10027-4405 "
"NY|AA0071","Restaurant","Becco Restaurant","(212) 397-7597","NY","355 W 46th St  New York  NY 10036-3810 "
"NY|AA0072","Restaurant","Bella Pizza","(800) 400-2721","NY","64 E 34th St  New York  NY 10016-4317"
"NY|AA0073","Restaurant","Belmora Pizza & Restaurant","(212) 935-2080","NY","139 E 57th St Frnt A  New York  NY 10022-2102"
"NY|AA0074","Restaurant","Berger Lampe","(212) 615-3100","NY","1 Penn Plz Ste 2032  New York  NY 10119-2000"
"NY|AA0075","Restaurant","Bettolona","(212) 749-1125","NY","3143 Broadway  New York  NY 10027-4102"
"NY|AA0076","Restaurant","Big Apple Deli Two","(212) 862-3145","NY","2445 Frederick Douglass Blvd  New York  NY 10027-7731"
"NY|AA0077","Restaurant","Big Arc Chicken","(212) 477-0091","NY","233 1st Ave Frnt A  New York  NY 10003-3755"
"NY|AA0078","Restaurant","Bill's Gay Nineties","(212) 355-0243","NY","57 E 54th St  New York  NY 10022-4206"
"NY|AA0079","Restaurant","Biricchino Northern Italian Restaurant","(212) 695-6690","NY","260 W 29th St  New York  NY 10001-5357 "
"NY|AA0080","Restaurant","Bistango Restaurant","(212) 725-8484","NY","415 3rd Ave  New York  NY 10016-8104"
"NY|AA0081","Restaurant","Bite","(212) 677-3123","NY","211 E 14th St  New York  NY 10003-4117 "
"NY|AA0082","Restaurant","Blake & Todd Restaurant & Caterers","(212) 869-1929","NY","7 W 47th St Frnt 2  New York  NY 10036-3325"
"NY|AA0083","Restaurant","Blimpies Subs","(212) 865-3051","NY","273 W 125th St  New York  NY 10027-4408"
"NY|AA0084","Restaurant","Blockhead Burritos","(212) 879-1999","NY","247 E 81st St  New York  NY 10028-3212"
"NY|AA0085","Restaurant","Blondie's","(212) 362-4360","NY","212 W 79th St Frnt 1  New York  NY 10024-6225"
"NY|AA0086","Restaurant","BLT Prime","(212) 995-8500","NY","111 E 22nd St Frnt 1  New York  NY 10010-5442"
"NY|AA0087","Restaurant","Blue Dog Caf?","(212) 229-9222","NY","101 W 25th St  New York  NY 10001-7214"
"NY|AA0088","Restaurant","Blue Plate","(212) 382-0069","NY","525 Fashion Ave Rm 309  New York  NY 10018-0485"
"NY|AA0089","Restaurant","Blue Sea Cafe Inc","(718) 274-7704","NY","3020 30th Ave  Long Island City  NY 11102-2138"
"NY|AA0090","Restaurant","Bohio Restaurant","(201) 854-6332","NY","6012 Park Ave  West New York  NJ 07093-3716"
"NY|AA0091","Restaurant","Boi Sandwich Inc","(212) 682-1117","NY","708 3rd Ave Frnt B  New York  NY 10017-4201"
"NY|AA0092","Restaurant","Boka","(212) 228-3667","NY","9 Saint Marks Pl Frnt D  New York  NY 10003-7850"
"NY|AA0093","Restaurant","Bombay Hut Inc","(212) 233-8566","NY","311 Broadway  New York  NY 10007-1153 "
"NY|AA0094","Restaurant","Bombay Masala Restaurant","(212) 302-8151","NY","148 W 49th St Apt 2  New York  NY 10019-6828 "
"NY|AA0095","Restaurant","Boqueria SOHO","(212) 343-4255","NY","171 Spring St  New York  NY 10012-3843 "
"NY|AA0096","Restaurant","Boulevard Bistro","(212) 678-6200","NY","239 Malcolm X Blvd  New York  NY 10027-6341 "
"NY|AA0097","Restaurant","Boulevard Deli Restaurant","(718) 729-0277","NY","3300 Northern Blvd Bsmt  Long Island City  NY 11101-2215"
"NY|AA0098","Restaurant","Bqp Group Inc","(212) 431-4090","NY","92 Division St  New York  NY 10002-6202 "
"NY|AA0099","Restaurant","Brasero Chicken","(201) 590-9777","NY","5104 Park Ave  West New York  NJ 07093-2501 "
"NY|AA0100","Restaurant","Brasserie Cognac Inc","(212) 757-3600","NY","1740 Broadway  New York  NY 10019-4315"
"NY|AA0101","Restaurant","Broadway Au Lait","(212) 865-8429","NY","3070 Broadway  New York  NY 10027-5702 "
"NY|AA0102","Restaurant","Brooks Restaurant","(718) 937-1890","NY","2428 Jackson Ave  Long Island City  NY 11101-4315 "
"NY|AA0103","Restaurant","Bruno The King Of Ravioli","(212) 254-2156","NY","282 1st Ave  New York  NY 10009-1850"
"NY|AA0104","Restaurant","Buceo Ninety Five","(212) 662-7010","NY","201 W 95th St  New York  NY 10025-6305 "
"NY|AA0105","Restaurant","Bukhara Grill","(212) 888-2839","NY","217 E 49th St  New York  NY 10017-1501 "
"NY|AA0106","Restaurant","Bungalo Lounge & Bistro","(718) 204-7010","NY","3203 Broadway  Long Island City  NY 11106-2691 "
"NY|AA0107","Restaurant","Burana Pizzeria Restaurant","(201) 430-9706","NY","6310 Park Ave  West New York  NJ 07093-4176 "
"NY|AA0108","Restaurant","Burger Deluxe LLC","(212) 722-1924","NY","300 E 106th St  New York  NY 10029-4804 "
"NY|AA0109","Restaurant","Burger Joint","(212) 362-9238","NY","2175 Broadway Frnt 1  New York  NY 10024-6686"
"NY|AA0110","Restaurant","Burger King","(212) 316-8027","NY","130 West 125th Street  New York  NY 10027-4403"
"NY|AA0111","Restaurant","Burger King","(201) 854-9069","NY","9105 Bergenline Ave  North Bergen  NJ 07047-5287"
"NY|AA0112","Restaurant","Butler Hall Terrace","(212) 666-9490","NY","400 W 119th St  New York  NY 10027-7125 "
"NY|AA0113","Restaurant","C & O Restaurant","(212) 243-1105","NY","230 9th Ave  New York  NY 10001-6602"
"NY|AA0114","Restaurant","C A T C H","(212) 234-2470","NY","450 W 131st St  New York  NY 10027-7501"
"NY|AA0115","Restaurant","C R I S P","(212) 661-0000","NY","684 3rd Ave  New York  NY 10017-4005"
"NY|AA0116","Restaurant","C U C Of Hoboken","(201) 418-7346","NY","112 Washington St  Hoboken  NJ 07030-4640 "
"NY|AA0117","Restaurant","Cafe Deli-Chous","(212) 604-0004","NY","115 W 23rd St Frnt 1  New York  NY 10011-2428"
"NY|AA0118","Restaurant","Cafe Kabila","(646) 366-8008","NY","250 W 39th St  New York  NY 10018-4414 "
"NY|AA0119","Restaurant","Cafe Khufu Llc","(212) 673-6003","NY","61 E 3rd St Frnt B  New York  NY 10003-9018"
"NY|AA0120","Restaurant","Cafe On Broadway","(212) 501-8585","NY","2350 Broadway  New York  NY 10024-3214"
"NY|AA0121","Restaurant","Cafe Prague","(212) 929-2602","NY","2 W 19th St  New York  NY 10011-4201 "
"NY|AA0122","Restaurant","Cafe Two One One Five","(212) 280-0553","NY","2115 Frederick Douglass Blvd  New York  NY 10026-2364"
"NY|AA0123","Restaurant","Calle OCHO","(212) 873-5025","NY","446 Columbus Ave  New York  NY 10024-5130"
"NY|AA0124","Restaurant","Campo Restaurant","(212) 864-1143","NY","2888 Broadway  New York  NY 10025-7821 "
"NY|AA0125","Restaurant","Carastina Restaurant","(212) 750-3232","NY","1055 1st Ave  New York  NY 10022-2903"
"NY|AA0126","Restaurant","Caravan Chicken Inc","(718) 545-3980","NY","3501 Broadway  Long Island City  NY 11106-1113 "
"NY|AA0127","Restaurant","Caridad Restaurant","(212) 595-8121","NY","588 Amsterdam Ave Frnt 1  New York  NY 10024-2340 "
"NY|AA0128","Restaurant","Carioca Grill","(718) 606-0881","NY","2903 Broadway  Astoria  NY 11106-2951"
"NY|AA0129","Restaurant","Carnegie Delicatessen & Restaurant","(212) 757-2245","NY","854 7th Ave  New York  NY 10019-5216 "
"NY|AA0130","Restaurant","Carnegie Restaurant","(212) 348-0017","NY","1361 Lexington Ave  New York  NY 10128-1508 "
"NY|AA0131","Restaurant","Cassis Restaurant","(212) 579-3966","NY","225 Columbus Ave Frnt 1  New York  NY 10023-4011"
"NY|AA0132","Restaurant","Cemitas Poblanas","(201) 293-5853","NY","6057 Palisade Ave  West New York  NJ 07093-5449"
"NY|AA0133","Restaurant","Centre Finest Deli Inc","(212) 334-6511","NY","140 Centre St  New York  NY 10013-4409 "
